Plant Botanical Name;Height;Spread;Spacing;USDA Hardiness Zone;Bloom Color
Achillea filipendulina 'Coronation Gold';Height: 30-36 in;Spread: 18-24 in;Spacing: 24-36 in;USDA Hardiness Zone: 3 - 8;Bloom Color: Bright Yellow;
Achillea millefolium;Height: 2-3 ft;;;USDA Hardiness Zone: 3-9;Bloom Color: White;
Achillea millifolium 'Terracotta';Height: 2-3 ft;Spread: 12-18 in;Spacing: 18-24 in;USDA Hardiness Zone: 3 - 8;Bloom Color: Red Orange;
Agastache 'Blue Fortune';Height: 2-3 ft;Spread: 2-3 ft;Spacing: 3-4 ft;USDA Hardiness Zone: 5-9;Bloom Color: Lavender-Blue;
Agastache foeniculum;Height: 2-4 ft;Spread: 2-3 ft;;USDA Hardiness Zone: 4-8;Bloom Color: Lavender;
Alchemilla mollis;Height: 12-18 in;Spread: 18-30 in;Spacing: 18 in;USDA Hardiness Zone: 3-8;Bloom Color: Light Green;
Allium 'Millenium';Height: 12-18 in;Spread: 12-18 in;Spacing: 12 in;USDA Hardiness Zone: 5 - 8;Bloom Color: Purple;
Allium cernuum;Height: 1-2 ft;Spread: 8-10 in;;USDA Hardiness Zone: 4-8;Bloom Color: Pink;
Allium lusitanicum 'Summer Beauty';Height: 18-24 in;Spread: 18-24 in;Spacing: 18-24 in;USDA Hardiness Zone: 5 - 8;Bloom Color: Lavender;
Allium schoenoprasum;Height: 12-18 in;Spread: 12-18 in;Spacing: 12 in;USDA Hardiness Zone: 4 - 8;Bloom Color: Purple;
Amorpha canascens;Height: 1-3 ft;Spread: 1-3 ft;Spacing: 1-3 ft;USDA Hardiness Zone: 2-9;Bloom Color: Purple Blue;
Amsonia hubrichtii;Height: 4-5 ft;Spread: 2-3 ft;;USDA Hardiness Zone: 5-9;Bloom Color: Blue;
Amsonia illustris;Height: 3 ft;Spread: 3 ft;Spacing: 3-4 ft;USDA Hardiness Zone: 5-9;Bloom Color: Blue;
Amsonia tabernaemontana;Height: 2-3 ft;Spread: 2-3 ft;;USDA Hardiness Zone: 4-9;Bloom Color: Blue;
Amsonia tabernaemontana v. salicifolia;Height: 3 ft;Spread: 2-3 ft;;USDA Hardiness Zone: 3-9;Bloom Color: Blue;
Amsonia tabernaemontani 'Grande';Height: 2-3 ft;Spread: 2-3 ft;Spacing: 2 ft;USDA Hardiness Zone: 5-9;Bloom Color: Blue;
Amsonia tabernemontana 'Blue Ice';Height: 15 in;Spread: 2 ft;;USDA Hardiness Zone: 4-9;Bloom Color: Blue;
Andropogon gerardii;Height: 5-7 ft;Spread: 2-3 ft;;USDA Hardiness Zone: 3-8;Bloom Color: Green, Tan;
Andropogon virginicus;Height: 2-3 ft;Spread: 2-3 ft;Spacing: 36-48 in;USDA Hardiness Zone: 5-8;Bloom Color: Green, Tan;
Anemone canadensis;Height: 1-2 ft;Spread: 2-3 ft;Spacing: 18-24 in;USDA Hardiness Zone: 3-8;Bloom Color: White;
Anemone virginiana;Height: 3 ft;Spread: 1-2 ft;Spacing: 18-24 in;USDA Hardiness Zone: 3-8;Bloom Color: White;
Antennaria neglecta;Height: 4-8 in;;;USDA Hardiness Zone: 3-8;Bloom Color: White;
Antennaria plantaginifolia;Height: 6-12 in;Spread: 8-18 in;Spacing: 12-18 in;USDA Hardiness Zone: 3-8;Bloom Color: White;
Aquilegia canadensis;Height: 2 ft;Spread: 1-2 ft;;USDA Hardiness Zone: 3-8;Bloom Color: Red;
Asclepias incarnata;Height: 4-5 ft;Spread: 2-3 ft;Spacing: 3-4 ft;USDA Hardiness Zone: 3-8;Bloom Color: Pink, Rose;
Asclepias incarnata 'Ice Ballet';Height: 3-4 ft;Spread: 2-3 in;Spacing: 3-4 ft;USDA Hardiness Zone: 3-9;Bloom Color: White;
Asclepias tuberosa;Height: 1-3 ft;Spread: 1-2 ft;Spacing: 18-24 in;USDA Hardiness Zone: 4-10;Bloom Color: Orange;
Asclepias verticillata;Height: 2 ft;Spread: 1-2 ft;Spacing: 18-24 in;USDA Hardiness Zone: 3-10;Bloom Color: White;
Aster azureus (Symphyotrichum oolentangiense);Height: 24-36 ft;Spread: 18-24 in;Spacing: 24-36 in;USDA Hardiness Zone: 3 - 8;Bloom Color: Light Blue;
Aster cordifolius;Height: 2-3 Feet;Spread: 2-3 ft;Spacing: 2-3 ft;USDA Hardiness Zone: 3-8;;
Aster divaricatus;Height: 2-3 Feet;Spread: 3-4 ft;Spacing: 2-3 ft;USDA Hardiness Zone: 3-8;Bloom Color: White;
Aster divaricatus 'Eastern Star';Height: 1-2 ft;Spread: 2-3 ft;Spacing: 2-3 ft;USDA Hardiness Zone: 3-8;Bloom Color: White;
Aster ericoides;Height: 1-3 ft;Spread: 1-2 ft;Spacing: 18 in;USDA Hardiness Zone: 3-10;Bloom Color: White;
Aster ericoides 'Snow Flurry';Height: 6-8 Inches;Spread: 2-4 Feet;;USDA Hardiness Zone: 3-9;Bloom Color: White;
Aster laevis;Height: 2-3 ft;Spread: 2-4 ft;Spacing: 24-36 in;USDA Hardiness Zone: 4-8;Bloom Color: Blue;
Aster lateriflorus 'Lady in Black';Height: 3-4 ft;Spread: 3 ft;Spacing: 3-5 ft;USDA Hardiness Zone: 3-8;Bloom Color: White;
Aster macrophyllus;Height: 1-3 Feet;Spread: 2-3 ft;Spacing: 3-4 ft;USDA Hardiness Zone: 3-8;Bloom Color: Lavender;
Aster macrophyllus 'Twilight';Height: 30-36 in;Spread: 30-36 in;Spacing: 36 in;USDA Hardiness Zone: 3-9;Bloom Color: Lavender-Blue;
Aster novae-angliae;Height: 3-6 ft;Spread: 2-3 ft;Spacing: 4-6 ft;USDA Hardiness Zone: 3-8;Bloom Color: Violet;
Aster novae-angliae 'Purple Dome';Height: 2 ft;Spread: 2-3 ft;;USDA Hardiness Zone: 3-8;Bloom Color: Violet;
Aster novi-belgii;Height: 3-4 ft;Spread: 3 ft;Spacing: 4-6 ft;USDA Hardiness Zone: 4-8;Bloom Color: Purple;
Aster oblongifolius 'October Skies';Height: 15 in;Spread: 2 ft;Spacing: 24-36 in;USDA Hardiness Zone: 5-8;Bloom Color: Blue;
Aster oblongifolius 'Raydons Favorite';Height: 3 ft;Spread: 3 ft;Spacing: 3-6 ft;USDA Hardiness Zone: 3-8;Bloom Color: Blue;
Aster puniceus;Height: 3-6 ft;Spread: 2-3 ft;Spacing: 4-6 ft;USDA Hardiness Zone: 3-8;Bloom Color: Light Blue;
Aster spectabilis;Height: 1-2 ft;Spread: 2 ft;Spacing: 3-4 ft;USDA Hardiness Zone: 4-8;Bloom Color: Violet;
Aster umbellatus;Height: 2-5 ft;Spread: 2-4 ft;Spacing: 3-6 ft;USDA Hardiness Zone: 3-8;Bloom Color: White;
Astilbe japonica 'Deutschland';Height: 18-24 in;Spread: 18-24 in;Spacing: 18-24 in;USDA Hardiness Zone: 4 - 9;Bloom Color: White;
Astilbe japonica 'Rheinland';Height: 18-24 in;Spread: 18-24 in;Spacing: 18-24 in;;Bloom Color: Pink;
Astilbe arendsii 'Fanal';Height: 12-18 in;Spread: 9-12 in;Spacing: 12-18 in;USDA Hardiness Zone: 3 - 8;Bloom Color: Red;
Baptisia australis;Height: 3-4 ft;Spread: 3-4 ft;Spacing: 6-8 ft;USDA Hardiness Zone: 4-8;Bloom Color: Purple Red;
Baptisia tinctoria;Height: 2-3 Feet;Spread: 2-3 ft;Spacing: 3-6 ft;USDA Hardiness Zone: 3-9;Bloom Color: Yellow;
Blephilia ciliata;Height: 1-2 ft;Spread: 1-2 ft;Spacing: 2-3 ft;USDA Hardiness Zone: 4-8;Bloom Color: Pink;
Boltonia asteroides;Height: 3-5 ft;Spread: 2-4 ft;Spacing: 4-6 ft;USDA Hardiness Zone: 3-9;Bloom Color: White;
Bouteloua curtipendula;Height: 1-3 ft;Spread: 2 ft;Spacing: 3-4 ft;USDA Hardiness Zone: 3-9;Bloom Color: Green, Tan;
Bouteloua gracilis;Height: 9-24 Inches;Spread: 18-24 Inches;Spacing: 18 in;USDA Hardiness Zone: 3-10;Bloom Color: Blue Green, Tan;
Calamagrostis brachytricha;Height: 2 ft;Spread: 2 ft;Spacing: 3 ft;USDA Hardiness Zone: 4-9;Bloom Color: Pink;
Calamagrostis x acutiflora 'Karl Foerster';Height: 3-5 ft;Spread: 1-3 ft;;USDA Hardiness Zone: 5-9;Bloom Color: Purple;
Calamintha nepeta 'Blue Cloud';Height: 10-12 in;Spread: 12-18 in;Spacing: 18-24 in;USDA Hardiness Zone: 5 - 9;Bloom Color: Light Blue;
Calamintha nepeta 'White Cloud';Height: 1-2 ft;Spread: 1-2 ft;Spacing: 18-24 in;USDA Hardiness Zone: 5 - 9;Bloom Color: White;
Calamintha nepeta ssp nepeta;Height: 12-18 in;Spread: 12-24 in;Spacing: 18-24 in;USDA Hardiness Zone: 5 - 7;Bloom Color: White;
Callirhoe involucrata;Height: 6-12 in;Spread: 1-3 ft;Spacing: 2-3 ft;USDA Hardiness Zone: 3-9;Bloom Color: Purple Red;
Caltha palustris;Height: 1 ft;Spread: 1-2 ft;Spacing: 18-24 in;USDA Hardiness Zone: 3-7;Bloom Color: Yellow;
Campanula carpatica 'Deep Blue Clips';Height: 6-12 in;Spread: 8-12 in;Spacing: 12-18 in;USDA Hardiness Zone: 4 - 9;Bloom Color: Blue;
Campanula glomerata 'Superba';Height: 18-30 in;Spread: 12-24 in;Spacing: 18-24 in;USDA Hardiness Zone: 2 - 9;Bloom Color: Purple, Purple Blue;
Campsis radicans;Height: 30-40 ft;Spread: 5-10 ft;;USDA Hardiness Zone: 5-9;Bloom Color: Orange, Red;
Carex albicans;Height: 15-20 Inches;Spread: 15-20 in;Spacing: 12-18 in;USDA Hardiness Zone: 4-8;Bloom Color: Green;
Carex amphibola;Height: 12-18 in;Spread: 12-18 in;Spacing: 15-24 in;USDA Hardiness Zone: 3-9;Bloom Color: Green;
Carex appalachica;Height: 6 Inches;Spread: 12-18 in;Spacing: 18-24 in;USDA Hardiness Zone: 3-7;Bloom Color: Green;
Carex bicknellii;Height: 1-3 Feet;Spread: 1-3 ft;Spacing: 2-6 ft;USDA Hardiness Zone: 3-7;Bloom Color: Green;
Carex blanda;Height: 2 ft;Spread: 2 ft;Spacing: 3 ft;USDA Hardiness Zone: 3-9;Bloom Color: Green;
Carex brevior;Height: 12 in;Spread: 12 in;Spacing: 18-24 in;USDA Hardiness Zone: 3-8;Bloom Color: Green;
Carex bromoides;Height: 1 ft;Spread: 12-18 Inches;Spacing: 1-2 ft;USDA Hardiness Zone: 4-8;Bloom Color: Green, Tan;
Carex cherokeensis;Height: 12-18 in;Spread: 1 ft;Spacing: 12-18 in;USDA Hardiness Zone: 6-9;Bloom Color: Green;
Carex comosa;Height: 2-3 Feet;Spread: 18-36 in;Spacing: 18-24 in;USDA Hardiness Zone: 4-8;Bloom Color: Brown, Green;
Carex crinita;Height: 3-4 ft;Spread: 3-4 ft;Spacing: 6-8 ft;USDA Hardiness Zone: 3-9;Bloom Color: Blue, Green;
Carex divulsa;Height: 1-3 ft;Spread: 1-3 ft;Spacing: 18-24 in;USDA Hardiness Zone: 4-9;Bloom Color: Green;
Carex elata;Height: 12-30 in;Spread: 12-30 in;Spacing: 24 in;USDA Hardiness Zone: 4 - 9;Bloom Color: Tan;
Carex flacca 'Blue Zinger';Height: 1-2 ft;Spread: 1-2 ft;Spacing: 2-3 ft;USDA Hardiness Zone: 5-9;Bloom Color: Gold, Green;
Carex flaccosperma;Height: 1 ft;Spread: 1 ft;Spacing: 18-24 in;USDA Hardiness Zone: 5-8;Bloom Color: Blue;
Carex grayi;Height: 2-3 ft;Spread: 1-2 ft;;USDA Hardiness Zone: 5 to 9;Bloom Color: Silver;
Carex grayi 'New Moon Mighty';Height: 3-4 ft;Spread: 1-2 ft;;USDA Hardiness Zone: 5-9;Bloom Color: Green;
Carex humilis 'Hexe';Height: 6 in;Spread: 16 in;Spacing: 10-12 in;USDA Hardiness Zone: 4 - 8;Bloom Color: Yellow;
Carex laxiculmis;Height: 1 ft;;;USDA Hardiness Zone: 4-7;Bloom Color: White, Yellow;
Carex leavenworthii;Height: 6-12 in;Spread: 6-12 Inches;Spacing: 12-18 in;USDA Hardiness Zone: 6-9;;
Carex lurida;Height: 3 ft;Spread: 1-2 ft;;USDA Hardiness Zone: 2-9;Bloom Color: Green, Tan;
Carex molesta;Height: 2 ft;Spread: 2 ft;Spacing: 18-24 in;USDA Hardiness Zone: 3-8;Bloom Color: Green;
Carex montana;Height: 6 in;Spread: 1 ft;Spacing: 1 ft;USDA Hardiness Zone: 4-10;Bloom Color: Tan;
Carex morrowii 'Ice Dance';Height: 9-12 Inches;Spread: 9-12 Inches;Spacing: 12 in;USDA Hardiness Zone: 5-9;Bloom Color: Green, White;
Carex morrowii 'Silver Sceptre';Height: 8-12 in;Spread: 8-12 in;Spacing: 12-18 in;USDA Hardiness Zone: 5 - 9;Bloom Color: Tan;
Carex muskingumensis;Height: 2-3 ft;Spread: 2-3 ft;Spacing: 12-18 in;USDA Hardiness Zone: 4-7;Bloom Color: Green, Tan;
Carex muskingumensis 'Little Midge';Height: 8-10 inches;Spread: 10-18 inches;Spacing: 12-18 in;USDA Hardiness Zone: 3-9;Bloom Color: Green, Tan;
Carex oshimensis 'Evergold';Height: 9-12 Inches;Spread: 12-18 Inches;Spacing: 18-24 in;USDA Hardiness Zone: 5-8;Bloom Color: Gold, Green;
Carex pensylvanica;Height: 16 in;Spread: 1 ft;Spacing: 6-10 in;USDA Hardiness Zone: 3-8;Bloom Color: Green, Tan;
Carex plantaginea;Height: 6-12 in;Spread: 10-12 in;Spacing: 12-24 in;USDA Hardiness Zone: 4-8;Bloom Color: Green;
Carex radiata;Height: 1-2 ft;Spread: 1-2 ft;Spacing: 1-2 ft;USDA Hardiness Zone: 4-8;Bloom Color: Green;
Carex remota;Height: 18-24 inches;Spread: 18-24 inches;Spacing: 24-36 inches;USDA Hardiness Zone: 5-9;Bloom Color: Green;
Carex rosea;Height: 1 ft;Spread: 1 ft;Spacing: 18-24 in;USDA Hardiness Zone: 4-8;Bloom Color: Green;
Carex socialis;Height: 1-2 ft;Spread: 1-2 ft;Spacing: 24-36 in;USDA Hardiness Zone: 5-9;Bloom Color: Green;
Carex sprengelii;Height: 1-3 ft;Spread: 2 ft;Spacing: 2-3 ft;USDA Hardiness Zone: 3-5;Bloom Color: Brown, Green;
Carex stricta;Height: 3-4 ft;Spread: 1-2 ft;;USDA Hardiness Zone: 5-8;Bloom Color: Green, Tan;
Carex texensis;Height: 6 Inches;Spread: 1 ft;Spacing: 18-24 in;USDA Hardiness Zone: 5-9;Bloom Color: Green;
Carex vulpinoidea;Height: 2-4 ft;Spread: 2-4 ft;Spacing: 3-4 ft;USDA Hardiness Zone: 3-9;Bloom Color: Green, Tan;
Carex woodii;Height: 6-12 Inches;Spread: 6-12 Inches;Spacing: 12-18 in;USDA Hardiness Zone: 4-6;Bloom Color: Burgundy, Green;
Ceanothus americanus;Height: 3 ft;Spread: 3-5 ft;Spacing: 4-5 ft;USDA Hardiness Zone: 4-10;Bloom Color: White;
Cephalanthus occidentalis;Height: 5-12 ft;Spread: 4-8 ft;Spacing: 4-8 ft;USDA Hardiness Zone: 5-9;Bloom Color: White;
Ceratostigma plumbaginoides;Height: 8-12 in;Spread: 12-18 in;Spacing: 18-24 in;USDA Hardiness Zone: 5 - 9;Bloom Color: Blue;
Chasmanthium latifolium;Height: 3-4 ft;Spread: 2-3 ft;;USDA Hardiness Zone: 5-8;Bloom Color: Green, Tan;
Chelone glabra;Height: 2-3 ft;Spread: 2 ft;Spacing: 3-4 ft;USDA Hardiness Zone: 3-8;Bloom Color: White;
Chelone lyonii 'Hot Lips';Height: 2-3 ft;Spread: 1 ft;Spacing: 18-24 in;USDA Hardiness Zone: 4-7;Bloom Color: Medium Pink;
Chrysogonum virginianum;Height: 3-4 in;Spread: 8-10 Inches;Spacing: 12 in;USDA Hardiness Zone: 5-9;Bloom Color: Yellow;
Chrysogonum virginianum 'Allen Bush';Height: 6 in;Spread: 1 ft;Spacing: 18 in;USDA Hardiness Zone: 5-9;Bloom Color: Yellow;
Chrysogonum virginianum 'Superstar';Height: 5 in;Spread: 12 in;Spacing: 18 in;USDA Hardiness Zone: 5-9;Bloom Color: Yellow;
Chyrsopsis mariana;Height: 2 ft;Spread: 2 ft;Spacing: 2-3 ft;USDA Hardiness Zone: 4-8;Bloom Color: Yellow;
Clematis virginiana;Height: 20 ft;Spread: 3-6 ft;;USDA Hardiness Zone: 3-9;Bloom Color: White;
Coreopsis lanceolata;Height: 2-3 ft;Spread: 2-3 ft;Spacing: 18-24 in;USDA Hardiness Zone: 4-9;Bloom Color: Yellow;
Coreopsis rosea;Height: 1-2 ft;Spread: 2-3 ft;Spacing: 2-3 ft;USDA Hardiness Zone: 3-8;Bloom Color: Pink;
Coreopsis tripteris;Height: 4-7 ft;Spread: 2-8 ft;Spacing: 4-8 ft;USDA Hardiness Zone: 4-9;Bloom Color: Yellow;
Coreopsis verticillata 'Zagreb';Height: 12-18 Inches;Spread: 1-2 ft;Spacing: 18-24 in;USDA Hardiness Zone: 3-9;Bloom Color: Yellow;
Dalea purpurea;Height: 3 ft;Spread: 1-2 ft;Spacing: 2 ft;USDA Hardiness Zone: 3-8;Bloom Color: Purple Red;
Danthonia spicata;Height: 1-2 ft;Spread: 1 ft;Spacing: 18-24 in;USDA Hardiness Zone: 3-8;Bloom Color: Green;
Deschampsia caespitosa;Height: 2-4 ft;Spread: 1-2 ft;Spacing: 2-3 ft;USDA Hardiness Zone: 2-8;Bloom Color: Green, Tan;
Deschampsia caespitosa 'Goldtau';Height: 1-2 ft;Spread: 2 ft;Spacing: 3 ft;USDA Hardiness Zone: 3-8;Bloom Color: Green, Tan;
Desmodium canadense;Height: 3-5 ft;Spread: 2-3 ft;;USDA Hardiness Zone: 3 - 7;Bloom Color: Pink;
Dianthus gratianopolitanus 'Firewitch';Height: 4-6 in;Spread: 6-12 in;Spacing: 8-12 in;USDA Hardiness Zone: 3 - 8;Bloom Color: Pink-violet;
Dicentra eximia;Height: 12-18 Inches;Spread: 18-24 in;Spacing: 2-3 ft;USDA Hardiness Zone: 4-8;Bloom Color: Pink;
Echinacea palida;Height: 2-3 ft;Spread: 1 ft;Spacing: 2 ft;USDA Hardiness Zone: 3 - 8;Bloom Color: Lavender-Pink;
Echinacea pallida 'Hula Dancer';Height: 2-3 ft;Spread: 12-18 in;Spacing: 18-24 in;USDA Hardiness Zone: 3-8;Bloom Color: White;
Echinacea purpurea;Height: 3-4 ft;Spread: 2-2 ft;;USDA Hardiness Zone: 4-9;Bloom Color: Lavender-Pink;
Echinacea purpurea 'Magnus';Height: 2-3 ft;Spread: 2 ft;Spacing: 2-3 ft;USDA Hardiness Zone: 4-9;Bloom Color: Violet Red;
Echinacea purpurea 'PowWow White';Height: 16-20 in;Spread: 12-16 in;Spacing: 2 ft;USDA Hardiness Zone: 3-8;Bloom Color: White;
Echinacea purpurea 'PowWow Wild Berry';Height: 2-3 Feet;Spread: 1-2 ft;Spacing: 2-3 ft;USDA Hardiness Zone: 4-9;Bloom Color: Magenta;
Echinacea purpurea 'White Swan';Height: 2-3 ft;Spread: 1-2 ft;Spacing: 2-3 ft;USDA Hardiness Zone: 4-9;Bloom Color: White;
Echinacea tennesseensis;Height: 2-3 ft;Spread: 1-2 ft;Spacing: 2-3 ft;USDA Hardiness Zone: 5-9;Bloom Color: Pink;
Echinops bannaticus 'Blue Glow';Height: 2-4 ft;Spread: 1-2 ft;Spacing: 1-2 ft;USDA Hardiness Zone: 3 - 8;Bloom Color: Blue;
Elymus hystrix;Height: 3-5 ft;Spread: 1-2 ft;;USDA Hardiness Zone: 2-8;Bloom Color: Green, Tan;
Elymus virginicus;Height: 2-4 ft;Spread: 1-2 in;Spacing: 18-24 in;USDA Hardiness Zone: 3-8;Bloom Color: Green, Tan;
Equisetum hyemale;Height: 2-4 ft;Spread: 1-6 ft;Spacing: 2-8 ft;USDA Hardiness Zone: 4-9;Bloom Color: Green;
Eragrostis spectabilis;Height: 2 ft;Spread: 1-2 ft;Spacing: 18-24 in;USDA Hardiness Zone: 5-9;Bloom Color: Red, Tan;
Eryngium planum 'Blaukappe';Height: 24-28 in;Spread: 2 ft;Spacing: 2-3 ft;USDA Hardiness Zone: 4-8;Bloom Color: Deep Blue;
Eryngium yuccifolium;Height: 2-5 ft;Spread: 2 ft;Spacing: 2-3 ft;USDA Hardiness Zone: 5-9;Bloom Color: Green, White;
Eupatorium altissimum;Height: 2-6 ft;Spread: 2-3 ft;Spacing: 3-5 ft;USDA Hardiness Zone: 4-8;Bloom Color: White;
Eupatorium coelestinum;Height: 1-3 ft;Spread: 2 ft;;USDA Hardiness Zone: 5-9;Bloom Color: Blue;
Eupatorium dubium;Height: 2-5 ft;Spread: 2 ft;Spacing: 3-4 ft;USDA Hardiness Zone: 4-8;Bloom Color: Pink;
Eupatorium fistulosum;Height: 5-10 ft;Spread: 2-3 ft;Spacing: 3-6 ft;USDA Hardiness Zone: 4-9;Bloom Color: Mauve;
Eupatorium hyssopifolium;Height: 2-4 ft;Spread: 1-2 ft;Spacing: 2-3 ft;USDA Hardiness Zone: 4-8;Bloom Color: White;
Eupatorium maculatum;Height: 7-10 ft;Spread: 3 ft;Spacing: 4-5 ft;USDA Hardiness Zone: 2-7;Bloom Color: Lavender-Pink, Mauve;
Eupatorium perfoliatum;Height: 3-5 ft;Spread: 3-4 ft;Spacing: 6-8 ft;USDA Hardiness Zone: 4-8;Bloom Color: White;
Eupatorium purpureum;Height: 4-7 ft;Spread: 2-3 ft;Spacing: 4-6 ft;USDA Hardiness Zone: 4-8;Bloom Color: Purple;
Euphorbia polychroma;Height: 12-18 in;Spread: 12-18 in;Spacing: 18-24 in;USDA Hardiness Zone: 4 - 8;Bloom Color: Yellow Green;
Euthamia caroliniana;Height: 1-3 ft;Spread: 18-24 in;Spacing: 24 in;USDA Hardiness Zone: 5 - 10;Bloom Color: White;
Gaura lindheimeri;Height: 3-5 ft;Spread: 1-2 ft;Spacing: 2-3 ft;USDA Hardiness Zone: 5 -9;Bloom Color: Light Pink, White;
Geranium macrorrhizum 'Bevan's Variety';Height: 1-2 ft;Spread: 1-2 ft;;USDA Hardiness Zone: 3-8;Bloom Color: Magenta;
Geranium macrorrhizum 'Ingwersen's Variety';Height: 12-18 in;Spread: 12-18 in;Spacing: 18-24 in;USDA Hardiness Zone: 4 - 8;Bloom Color: Light Pink;
Geranium cantabrigiense 'Biokova';Height: 6-12 in;Spread: 6-12 in;Spacing: 12-18 in;USDA Hardiness Zone: 5 - 8;Bloom Color: Light Pink;
Geranium cantabrigiense 'Karmina';Height: 6-12 in;Spread: 6-12 in;Spacing: 12-18 in;USDA Hardiness Zone: 5 - 8;Bloom Color: Lavender-Pink;
Geum triflorum;Height: 6-18 in;Spread: 6-12 in;Spacing: 12 in;USDA Hardiness Zone: 3-7;Bloom Color: Pink;
Helenium autumnale;Height: 3-5 ft;Spread: 2-3 ft;Spacing: 3-4 ft;USDA Hardiness Zone: 3-9;Bloom Color: Burgundy;
Helenium autumnale 'Helena Red Shades';Height: 4 ft;Spread: 3 ft;Spacing: 3-4 ft;USDA Hardiness Zone: 3-9;Bloom Color: Burgundy;
Helenium autumnale 'Moerheim Beauty';Height: 2-3 ft;Spread: 18-24 in;Spacing: 2-3 ft;USDA Hardiness Zone: 3 - 8;Bloom Color: Red;
Helenium flexuosum;Height: 2-5 ft;Spread: 1-2 ft;;USDA Hardiness Zone: 3-8;Bloom Color: Purple, Yellow;
Helianthus angustifolius;Height: 5-7 ft;Spread: 4-6 ft;Spacing: 3-4 ft;USDA Hardiness Zone: 5-9;Bloom Color: Yellow;
Helianthus decapetalus;Height: 5 ft;Spread: 3 ft;;USDA Hardiness Zone: 4-9;Bloom Color: Yellow;
Helianthus divaricatus;Height: 6 ft;Spread: 1-3 ft;;USDA Hardiness Zone: 5-9;Bloom Color: Yellow;
Helianthus microcephalus;Height: 4-6 ft;Spread: 2-3 ft;Spacing: 4-6 ft;USDA Hardiness Zone: 4-8;Bloom Color: Yellow;
Helianthus occidentalis ssp dowelianus;Height: 2-4 ft;Spread: 1-2 ft;Spacing: 2-3 ft;USDA Hardiness Zone: 4-8;Bloom Color: Yellow;
Heliopsis helianthiodes 'Summer Nights';Height: 3-4 ft;Spread: 2-3 ft;Spacing: 3-6 ft;USDA Hardiness Zone: 4-9;Bloom Color: Yellow;
Heliopsis helianthoides;Height: 4-5 ft;Spread: 2-4 ft;;USDA Hardiness Zone: 4-9;Bloom Color: Yellow;
Heliopsis helianthoides var. scabra 'Burning Hearts';Height: 3-4 ft;Spread: 18-24 in;Spacing: 12-24 in;USDA Hardiness Zone: 3-9;Bloom Color: Red, Red Orange, Yellow Orange;
Heliopsis helianthoides var. scabra 'Summer Sun';Height: 24-36 in;Spread: 18-24 in;Spacing: 24-36 in;USDA Hardiness Zone: 3 - 9;Bloom Color: Yellow;
Heuchera americana;Height: 1-2 ft;Spread: 1-2 ft;Spacing: 12-18 in;USDA Hardiness Zone: 4-8;Bloom Color: Green, White;
Heuchera americana 'Dales Strain';Height: 1-2 ft;Spread: 18 in;;USDA Hardiness Zone: 4-7;Bloom Color: White;
Heuchera micrantha var. diversifolia 'Palace Purple';Height: 12-24 in;Spread: 12-18 in;Spacing: 18-24 in;USDA Hardiness Zone: 4 - 9;Bloom Color: White;
Heuchera villosa 'Autumn Bride';Height: 1-2 ft;Spread: 3-4 ft;Spacing: 18-24 in;USDA Hardiness Zone: 4-8;Bloom Color: White;
Hibiscus moscheutos;Height: 4-7 ft;Spread: 3-4 ft;Spacing: 3-6 ft;USDA Hardiness Zone: 5-8;Bloom Color: Pink, White;
Hibiscus moscheutos 'Disco Belle Pink';Height: 24-30 in;Spread: 18-24 in;Spacing: 24-36 in;USDA Hardiness Zone: 4-9;Bloom Color: Pink;
Hibiscus moscheutos 'Disco Belle Red';Height: 24-30 in;Spread: 18-24 in;Spacing: 24-36 in;USDA Hardiness Zone: 4-9;Bloom Color: Red;
Hypericum calycinum;Height: 12-18 in;Spread: 18-24 in;Spacing: 24 in;USDA Hardiness Zone: 5 - 9;Bloom Color: Bright Yellow;
Hypericum prolificum;Height: 1-5 ft;Spread: 1-4 ft;Spacing: 2 ft;USDA Hardiness Zone: 3-8;Bloom Color: Gold, Green;
Iris fulva;Height: 2-3 Feet;;;USDA Hardiness Zone: 5-9;Bloom Color: Copper;
Iris versicolor;Height: 2-3 ft;Spread: 2-3 ft;;USDA Hardiness Zone: 2-7;Bloom Color: Blue;
Iris virginica;Height: 2 ft;Spread: 2-3 ft;;USDA Hardiness Zone: 5-9;Bloom Color: Blue;
Juncus effusus;Height: 3-4 ft;Spread: 2-3 ft;Spacing: 2 ft;USDA Hardiness Zone: 2-9;Bloom Color: Insignificant;
Juncus tenuis;Height: 6-24 in;Spread: 6-24 in;Spacing: 12 in;USDA Hardiness Zone: 3-9;Bloom Color: Green, Tan;
Kalimeris incisa 'Blue Star';Height: 12-18 in;Spread: 12-18 in;Spacing: 18-24 in;USDA Hardiness Zone: 5 - 9;Bloom Color: Light Blue;
Kniphofia uvaria 'Flamenco Mixture';Height: 2-3 ft;Spread: 1-2 ft;Spacing: 20 in;USDA Hardiness Zone: 5 - 9;Bloom Color: Cream, Orange, Red, Yellow;
Koeleria macrantha;Height: 1-2 ft;Spread: 1-2 ft;Spacing: 2-3 ft;USDA Hardiness Zone: 3-9;Bloom Color: Green, Tan;
Leucanthemum superbum 'Becky';Height: 3-4 ft;Spread: 2-3 ft;Spacing: 3-4 ft;USDA Hardiness Zone: 5 - 9;Bloom Color: White;
Liatris aspera;Height: 2-5 ft;Spread: 1-2 ft;Spacing: 18-24 in;USDA Hardiness Zone: 3-9;Bloom Color: Purple;
Liatris ligulistylis;Height: 1-3 ft;Spread: 1 ft;Spacing: 18 in;USDA Hardiness Zone: 3-8;Bloom Color: Purple;
Liatris microcephala;Height: 2 ft;Spread: 1 ft;Spacing: 18-24 in;USDA Hardiness Zone: 4-8;Bloom Color: Purple, Rose;
Liatris pycnostachya;Height: 2-5 ft;Spread: 1-2 ft;;USDA Hardiness Zone: 3-9;Bloom Color: Purple, Rose;
Liatris scariosa;Height: 3-5 ft;Spread: 1-2 Feet;Spacing: 18-24 in;USDA Hardiness Zone: 3-8;Bloom Color: Purple;
Liatris spicata;Height: 3-6 ft;Spread: 2 ft;Spacing: 2-3 ft;USDA Hardiness Zone: 3-9;Bloom Color: Purple, Purple Red;
Liatris spicata 'Kobold';Height: 24-30 Inches;Spread: 2 ft;Spacing: 12-18 in;USDA Hardiness Zone: 3-8;Bloom Color: Purple, Rose;
Limonium latifolium;Height: 18-30 in;Spread: 12-18 in;Spacing: 18-24 in;USDA Hardiness Zone: 4 - 9;Bloom Color: Lavender-Blue;
Lobelia cardinalis;Height: 2-5 ft;Spread: 1-2 ft;Spacing: 18-24 in;USDA Hardiness Zone: 3-9;Bloom Color: Red;
Lobelia cardinalis 'New Moon Maroon';Height: 2-4 ft;Spread: 1-2 ft;Spacing: 1 ft;USDA Hardiness Zone: 4-8;Bloom Color: Red;
Lobelia siphilitica;Height: 1-4 ft;Spread: 12-18 in;Spacing: 18-24 in;USDA Hardiness Zone: 4-8;Bloom Color: Blue, Violet;
Luzula acuminata;Height: 1-2 ft;Spread: 1-2 ft;Spacing: 2 ft;USDA Hardiness Zone: 3-8;Bloom Color: Green;
Lychnis chalcedonica 'Burning Love';Height: 15-18 in;Spread: 8-12 in;Spacing: 16-24 in;USDA Hardiness Zone: 3 - 8;Bloom Color: Red;
Lysimachia lanceolata var. purpurea;Height: 1-2 ft;Spread: 1-2 ft;Spacing: 18 in;USDA Hardiness Zone: 4-8;Bloom Color: Yellow;
Molinia caerulea ssp. arundinacea 'Windspiel';Height: 6-7 ft;Spread: 18-24 in;Spacing: 2-3 ft;USDA Hardiness Zone: 4-9;Bloom Color: Tan;
Molinia caerulea subsp. caerulea 'Edith Dudszus';Height: 24-30 in;Spread: 24-30 in;Spacing: 30-36 in;USDA Hardiness Zone: 4 - 8;Bloom Color: Purple;
Molinia caerulea subsp. caerulea 'Heidebraut';Height: 3-4 ft;Spread: 12-18 in;Spacing: 18-24 in;USDA Hardiness Zone: 5 - 9;Bloom Color: Gold;
Molinia caerulea subsp. caerulea 'Moorhexe';Height: 2-3 ft;Spread: 18-24 in;Spacing: 2-3 ft;USDA Hardiness Zone: 4 - 9;Bloom Color: Purple;
Monarda bradburiana;Height: 1-2 ft;Spread: 1-2 ft;Spacing: 18 in;USDA Hardiness Zone: 5-8;Bloom Color: Pink, White;
Monarda didyma;Height: 2-3 ft;Spread: 2-3 ft;Spacing: 2 ft;USDA Hardiness Zone: 4-7;Bloom Color: Red;
Monarda didyma 'Gardenview Scarlet';Height: 2-3 ft;Spread: 2-3 ft;Spacing: 2 ft;USDA Hardiness Zone: 4-9;Bloom Color: Red;
Monarda didyma 'Jacob Cline';Height: 3-5 ft;Spread: 2-3 ft;Spacing: 2 ft;USDA Hardiness Zone: 4-8;Bloom Color: Red;
Monarda fistulosa;Height: 2-4 ft;Spread: 2-3 ft;Spacing: 12-18 in;USDA Hardiness Zone: 3-8;Bloom Color: Purple;
Monarda fistulosa 'Claire Grace';Height: 2-3 ft;Spread: 2-3 ft;Spacing: 1-2 ft;USDA Hardiness Zone: 3-8;Bloom Color: Purple;
Monarda punctata;Height: 1-3 ft;Spread: 9-12 in;;USDA Hardiness Zone: 4-9;Bloom Color: Cream, Purple;
Monarda x 'Judith's Fancy Fuchsia';Height: 3-4 ft;Spread: 2 ft;Spacing: 18 in;USDA Hardiness Zone: 4-9;Bloom Color: Fuschia;
Monarda x 'Raspberry Wine';Height: 24-30 in;Spread: 2 ft;Spacing: 18 in;USDA Hardiness Zone: 4-9;Bloom Color: Pink-violet;
Muhlenbergia capillaris;Height: 3-4 ft;Spread: 3-4 ft;Spacing: 4 ft;USDA Hardiness Zone: 6-11;Bloom Color: Pink, Purple;
Nassella tenuissima;Height: 12-24 in;Spread: 12 in;Spacing: 12 in;USDA Hardiness Zone: 6-10;Bloom Color: White;
Nepeta racemosa 'Walker's Low';Height: 2-3 ft;Spread: 3 ft;;USDA Hardiness Zone: 4-9;Bloom Color: Blue;
Nepeta subsessilis;Height: 18-24 in;Spread: 12-18 in;Spacing: 18-24 in;USDA Hardiness Zone: 4 - 8;Bloom Color: Lavender-Blue;
Oenothera fruiticosa 'Fireworks';Height: 12-18 in;Spread: 1-2 ft;;USDA Hardiness Zone: 4-9;Bloom Color: Yellow;
Oenothera fruticosa;Height: 1-3 ft;Spread: 1-3 ft;Spacing: 2 ft;USDA Hardiness Zone: 4-9;Bloom Color: Yellow;
Origanum laevigatum 'Herrenhausen';Height: 1-2 ft;Spread: 1-2 ft;Spacing: 2-3 ft;USDA Hardiness Zone: 6-9;Bloom Color: Purple;
Panicum virgatum;Height: 3-6 ft;Spread: 2-3 ft;;USDA Hardiness Zone: 3-9;Bloom Color: Green, Tan;
Panicum virgatum 'Cape Breeze';Height: 24-30 Inches;Spread: 18-24 ft;Spacing: 18 in;USDA Hardiness Zone: 4-9;Bloom Color: Blue Green, Yellow;
Panicum virgatum 'Cloud Nine';Height: 6-8 ft;Spread: 2-3 ft;Spacing: 4 ft;USDA Hardiness Zone: 4-9;Bloom Color: Green, Tan;
Panicum virgatum 'Heavy Metal';Height: 3-4 ft;Spread: 1-2 ft;Spacing: 3 ft;USDA Hardiness Zone: 4-9;Bloom Color: Blue, Tan;
Panicum virgatum 'North Wind';Height: 4-6 ft;Spread: 2-3 ft;Spacing: 3 ft;USDA Hardiness Zone: 4-9;Bloom Color: Blue Green, Yellow;
Panicum virgatum 'Prairie Sky';Height: 3-5 ft;Spread: 2-3 ft;Spacing: 3 ft;USDA Hardiness Zone: 3-9;Bloom Color: Green;
Panicum virgatum 'Shenandoah';Height: 2-3 ft;Spread: 2 ft;Spacing: 3 ft;USDA Hardiness Zone: 4-9;Bloom Color: Burgundy, Green;
Parthenium integrifolium;Height: 2-4 Feet;Spread: 2-3 ft;Spacing: 2-3 ft;USDA Hardiness Zone: 4-8;Bloom Color: White;
Patrinia scabiosifolia;Height: 3-6 ft;Spread: 18-24 in;Spacing: 24-36 in;USDA Hardiness Zone: 5 - 8;Bloom Color: Yellow;
Pennisetum alopecuroides;Height: 3-4 ft;Spread: 3 ft;Spacing: 4 ft;USDA Hardiness Zone: 5-9;Bloom Color: Green;
Pennisetum alopecuroides 'Cassian';Height: 24-30 in;Spread: 24-30 in;Spacing: 30-48 in;USDA Hardiness Zone: 5 - 9;Bloom Color: White;
Pennisetum alopecuroides 'Hameln';Height: 1-2 ft;Spread: 1-2 ft;Spacing: 3 ft;USDA Hardiness Zone: 6-8;Bloom Color: Pink, White;
Penstemon calycosus;Height: 2-3 ft;Spread: 1-2 ft;;USDA Hardiness Zone: 5-8;Bloom Color: Lavender, White;
Penstemon digitalis;Height: 2-4 ft;Spread: 1-2 ft;;USDA Hardiness Zone: 3-8;Bloom Color: White;
Penstemon digitalis 'Husker Red';Height: 2-3 ft;Spread: 1-2 ft;;USDA Hardiness Zone: 4-8;Bloom Color: White;
Penstemon digitalis 'Pocahontas';Height: 3-4 ft;Spread: 2-3 ft;Spacing: 3-4 ft;USDA Hardiness Zone: 4-8;Bloom Color: Lavender;
Penstemon hirsutus;Height: 18 Inches;Spread: 10-12 Inches;Spacing: 10-12 in;USDA Hardiness Zone: 3-9;Bloom Color: Purple;
Penstemon smallii;Height: 1-2 ft;Spread: 1 ft;;USDA Hardiness Zone: 5-8;Bloom Color: Pink;
Perovskia atriplicifolia;Height: 3-5 ft;Spread: 2-4 ft;Spacing: 3-4 ft;USDA Hardiness Zone: 5 - 9;Bloom Color: Lavender-Blue;
Phlox divaricata;Height: 12-18 in;Spread: 10-15 m;Spacing: 12 in;USDA Hardiness Zone: 3-8;Bloom Color: Lavender, Rose;
Phlox divaricata 'Blue Moon';Height: 1 ft;Spread: 1 ft;;USDA Hardiness Zone: 4-8;Bloom Color: Blue;
Phlox divaricata 'May Breeze';Height: 12-15 in;Spread: 12-15 in;Spacing: 18 in;USDA Hardiness Zone: 4-8;Bloom Color: Light Blue;
Phlox glaberrima 'Morris Berd';Height: 1-2 ft;Spread: 1-2 ft;Spacing: 18 in;USDA Hardiness Zone: 3-8;Bloom Color: Pink;
Phlox maculata;Height: 2-3 ft;Spread: 1-2 ft;Spacing: 18 in;USDA Hardiness Zone: 4-8;Bloom Color: Pink, Violet;
Phlox paniculata;Height: 2-5 ft;Spread: 1-3 ft;Spacing: 3 ft;USDA Hardiness Zone: 4-8;Bloom Color: Lavender, Pink;
Phlox paniculata 'David';Height: 3-4 ft;Spread: 2-3 ft;Spacing: 3 ft;USDA Hardiness Zone: 4-8;Bloom Color: White;
Phlox paniculata 'Jeana';Height: 2-4 ft;Spread: 2-3 ft;;USDA Hardiness Zone: 4-8;Bloom Color: Pink;
Phlox paniculata 'Robert Poore';Height: 4-5 ft;Spread: 2-3 ft;;USDA Hardiness Zone: 4-8;Bloom Color: Purple, Rose;
Phlox stolonifera;Height: 6-8 in;Spread: 2 ft;;USDA Hardiness Zone: 5-9;Bloom Color: Pink, Purple;
Phlox stolonifera 'Blue Ridge';Height: 6-8 in;Spread: 2 ft;;USDA Hardiness Zone: 5-9;Bloom Color: Violet Blue;
Phlox stolonifera 'Bruce's White';Height: 8-12 in;Spread: 2 ft;Spacing: 2 ft;USDA Hardiness Zone: 5-9;Bloom Color: White;
Phlox stolonifera 'Sherwood Purple';Height: 6-8 in;Spread: 6-12 in;;USDA Hardiness Zone: 5-9;Bloom Color: Violet;
Phlox subulata;Height: 6 in;Spread: 1-2 ft;;USDA Hardiness Zone: 3-9;Bloom Color: Lavender, Pink;
Phlox subulata 'Emerald Blue';Height: 3-4 in;Spread: 12-18 in;Spacing: 12 in;USDA Hardiness Zone: 3-9;Bloom Color: Blue;
Phlox subulata 'Emerald Pink';Height: 6 in;;;USDA Hardiness Zone: 3-9;Bloom Color: Pink;
Physostegia virginiana;Height: 3-4 ft;Spread: 2-3 ft;;USDA Hardiness Zone: 3-9;Bloom Color: Pink;
Physostegia virginiana 'Vivid';Height: 2 ft;Spread: 12-18 in;Spacing: 18 in;USDA Hardiness Zone: 3-9;Bloom Color: Pink;
Polemonium reptans;Height: 12-18 in;Spread: 12-18 in;Spacing: 24 in;USDA Hardiness Zone: 4-8;Bloom Color: Blue;
Pycnanthemum flexuosum;Height: 2-3 Feet;Spread: 3-4 ft;Spacing: 2 ft;USDA Hardiness Zone: 5-8;Bloom Color: White;
Pycnanthemum incanum;Height: 3-4 Feet;Spread: 2-3 ft;Spacing: 2 ft;USDA Hardiness Zone: 5-8;Bloom Color: White;
Pycnanthemum muticum;Height: 2-3 ft;Spread: 2 ft;Spacing: 2 ft;USDA Hardiness Zone: 4-8;Bloom Color: Pink, White;
Pycnanthemum tenuifolium;Height: 2-3 ft;Spread: 2-3 ft;Spacing: 2 ft;USDA Hardiness Zone: 4-8;Bloom Color: White;
Pycnanthemum virginianum;Height: 2-3 ft;Spread: 12-18 in;Spacing: 18-24 in;USDA Hardiness Zone: 3 - 7;Bloom Color: White;
Ratibida pinnata;Height: 2-5 ft;Spread: 2 ft;Spacing: 2-3 ft;USDA Hardiness Zone: 3-10;Bloom Color: Bright Yellow;
Rudbeckia fulgida 'Goldsturm';Height: 2-3 ft;Spread: 2 ft;Spacing: 2 ft;USDA Hardiness Zone: 4-9;Bloom Color: Yellow;
Rudbeckia fulgida v. deamii;Height: 3 ft;Spread: 2 ft;Spacing: 2 ft;USDA Hardiness Zone: 4-9;Bloom Color: Yellow Orange;
Rudbeckia fulgida v. deamii 'American Gold Rush PP#28498';Height: 18-24 in;Spread: 2 ft;Spacing: 2 ft;USDA Hardiness Zone: 3-9;Bloom Color: Yellow Orange;
Rudbeckia fulgida v. fulgida;Height: 2-3 ft;Spread: 1-2 ft;Spacing: 2 ft;USDA Hardiness Zone: 5-9;Bloom Color: Yellow;
Rudbeckia grandiflora 'Sundance';Height: 3-4 ft;Spread: 2-3 ft;Spacing: 2-3 ft;USDA Hardiness Zone: 5 - 8;Bloom Color: Bright Yellow;
Rudbeckia hirta;Height: 2-3 ft;Spread: 1-2 ft;Spacing: 2 ft;USDA Hardiness Zone: 3-9;Bloom Color: Yellow;
Rudbeckia laciniata;Height: 3-8 ft;Spread: 2-4 ft;Spacing: 3 ft;USDA Hardiness Zone: 4-9;Bloom Color: Yellow;
Rudbeckia laciniata 'Autumn Sun';Height: 4-7 ft;Spread: 3-4 ft;Spacing: 18 Inches;USDA Hardiness Zone: 4-9;Bloom Color: Yellow;
Rudbeckia maxima;Height: 6-8 ft;Spread: 3-4 ft;Spacing: 4 ft;USDA Hardiness Zone: 5-9;Bloom Color: Yellow;
Rudbeckia subtomentosa;Height: 2-6 Feet;Spread: 1-2 Feet;Spacing: 24-36 in;USDA Hardiness Zone: 4-9;Bloom Color: Yellow;
Rudbeckia triloba;Height: 2-5 ft;Spread: 2-3 ft;Spacing: 3 ft;USDA Hardiness Zone: 4-8;Bloom Color: Yellow;
Ruellia humilis;Height: 1-2 ft;Spread: 1 ft;Spacing: 18 in;USDA Hardiness Zone: 4-8;Bloom Color: Pink;
Salvia lyrata 'Purple Knockout';Height: 18 in;Spread: 12-15 in;Spacing: 12-24 in;USDA Hardiness Zone: 4-9;Bloom Color: Blue;
Salvia nemorosa 'Caradonna';Height: 1-2 ft;Spread: 1-2 ft;Spacing: 2 ft;USDA Hardiness Zone: 4 - 8;Bloom Color: Purple;
Salvia nemorosa 'East Freisland';Height: 12-18 in;Spread: 9-12 in;Spacing: 12-18 in;USDA Hardiness Zone: 4 - 8;Bloom Color: Blue Violet;
Salvia nemorosa 'Wesuwe';Height: 12-18 in;Spread: 12-18 in;Spacing: 18-24 in;USDA Hardiness Zone: 3 - 8;Bloom Color: Purple;
Salvia x sylvestris 'Blue Hill';Height: 18-24 in;Spread: 12-18 in;Spacing: 18-24 in;USDA Hardiness Zone: 4 - 8;Bloom Color: Light Blue;
Salvia x sylvestris 'May Night';Height: 18-24 in;Spread: 12-18 in;;USDA Hardiness Zone: 4 - 8;Bloom Color: Purple;
Salvia x sylvestris 'Snow Hill';Height: 18-24 in;Spread: 12-18 in;Spacing: 18-24 in;USDA Hardiness Zone: 4 - 8;Bloom Color: White;
Sanguisorba officinalis;Height: 30-36 in;Spread: 24-36 in;Spacing: 24 in;USDA Hardiness Zone: 4 - 8;Bloom Color: Purple Red;
Schizachyrium scoparium;Height: 2-4 ft;Spread: 2-3 ft;Spacing: 12-18 inches;USDA Hardiness Zone: 4-10;Bloom Color: Green, Tan;
Schizachyrium scoparium 'Jazz';Height: 2 ft;Spread: 1-2 ft;Spacing: 12-18 in;USDA Hardiness Zone: 4-9;Bloom Color: Green, Tan;
Schizachyrium scoparium 'Standing Ovation PP 25202';Height: 3-4 ft;Spread: 12-18 in;Spacing: 12-18 in;USDA Hardiness Zone: 3-8;Bloom Color: Silver;
Schizachyrium scoparium 'The Blues';Height: 2-3 ft;Spread: 1-2 ft;Spacing: 12-18 in;USDA Hardiness Zone: 4-9;Bloom Color: Green, Tan;
Scirpus atrovirens;Height: 3-4 ft;Spread: 2-4 ft;Spacing: 3-4 ft;USDA Hardiness Zone: 3-9;Bloom Color: Green, Tan;
Scirpus cyperinus;Height: 3-6 ft;Spread: 3-5 ft;Spacing: 4 ft;USDA Hardiness Zone: 4-9;Bloom Color: Green, Tan;
Scirpus validus (tabernaemontani);Height: 6-8 ft;Spread: 4-5 ft;Spacing: 4 ft;USDA Hardiness Zone: 3-9;Bloom Color: Green, Tan;
Scutellaria incana;Height: 2-3 ft;Spread: 1-2 ft;Spacing: 2 ft;USDA Hardiness Zone: 4-9;Bloom Color: Lavender-Blue;
Sedum cauticola 'Lidakense';Height: 3-4 in;Spread: 8-12 in;Spacing: 8 in;USDA Hardiness Zone: 4 - 11;Bloom Color: Rose;
Sedum sieboldii;Height: 6-12 in;Spread: 10-12 in;Spacing: 12 in;USDA Hardiness Zone: 3 - 9;Bloom Color: Pink;
Sedum spectabile 'Autumn Joy';Height: 18-24 in;Spread: 18-24 in;Spacing: 18-24 in;USDA Hardiness Zone: 3 - 9;Bloom Color: Rose;
Sedum ternatum;Height: 2-3 in;Spread: 6-12 in;Spacing: 8 in;USDA Hardiness Zone: 3-9;Bloom Color: White;
Senecio aureus;Height: 1-2 ft;Spread: 1 ft;Spacing: 18 in;USDA Hardiness Zone: 4-9;Bloom Color: Yellow;
Sesleria autumnalis;Height: 9-24 in;Spread: 12-18 in;Spacing: 18-24 in;USDA Hardiness Zone: 5-9;Bloom Color: White;
Sesleria x 'Greenlee Hybrid';Height: 8-12 in;Spread: 8-12 in;Spacing: 16-24 in;USDA Hardiness Zone: 5-9;Bloom Color: White;
Silene caroliniana;Height: 1 ft;Spread: 9-12 in;Spacing: 12-18 in;USDA Hardiness Zone: 4-8;Bloom Color: Pink;
Silene virginica;Height: 1-2 ft;Spread: 1-2 ft;Spacing: 18-24 in;USDA Hardiness Zone: 4-8;Bloom Color: Red;
Silphium laciniatum;Height: 5-9 ft;Spread: 2-3 ft;Spacing: 2-3 ft;USDA Hardiness Zone: 3 - 8;Bloom Color: Yellow;
Silphium perfoliatum;Height: 4-10 ft;Spread: 4-6 ft;;USDA Hardiness Zone: 4-8;Bloom Color: Yellow;
Silphium terebinthinaceum;Height: 3-10 ft;Spread: 1-3 ft;Spacing: 2-3 ft;USDA Hardiness Zone: 4 - 8;Bloom Color: Yellow;
Sisyrinchium angustifolium 'Lucerne';Height: 10-12 in;Spread: 6-12 in;Spacing: 12 in;USDA Hardiness Zone: 5-9;Bloom Color: Blue;
Sisyrinchium angustifolium 'Suwannee';Height: 8-12 in;Spread: 12-18 in;Spacing: 18 in;USDA Hardiness Zone: 6-9;Bloom Color: Blue;
Solidago bicolor;Height: 1-3 ft;Spread: 1 ft;Spacing: 12-18 in;USDA Hardiness Zone: 3 - 8;Bloom Color: White;
Solidago caesia;Height: 2-3 ft;Spread: 1-2 ft;Spacing: 2 ft;USDA Hardiness Zone: 4-8;Bloom Color: Yellow;
Solidago flexicaulis;Height: 3 ft;Spread: 1-2 ft;Spacing: 2-3 ft;USDA Hardiness Zone: 2-9;Bloom Color: Yellow;
Solidago graminifolia;Height: 2-4 ft;Spread: 1-2 ft;Spacing: 2 ft;USDA Hardiness Zone: 3-9;Bloom Color: Yellow;
Solidago nemoralis;Height: 6-30 in;Spread: 6-30 in;Spacing: 12-30 in;USDA Hardiness Zone: 3-9;Bloom Color: Yellow;
Solidago rigida;Height: 2-5 ft;Spread: 1-2 ft;Spacing: 2-3 ft;USDA Hardiness Zone: 3-9;Bloom Color: Yellow;
Solidago rigida ssp. humilis 'Golden Rockets';Height: 2 ft;Spread: 2 ft;Spacing: 2-3 ft;USDA Hardiness Zone: 3 - 9;Bloom Color: Yellow;
Solidago rugosa 'Fireworks';Height: 3-4 ft;Spread: 2-3 ft;Spacing: 3-4 ft;USDA Hardiness Zone: 4-9;Bloom Color: Yellow;
Solidago speciosa;Height: 3-5 ft;Spread: 2-3 ft;Spacing: 36-48 in;USDA Hardiness Zone: 3-8;Bloom Color: Yellow;
Sorghastrum nutans;Height: 3-5 ft;Spread: 2-3 ft;Spacing: 3 ft;USDA Hardiness Zone: 2-9;Bloom Color: Green, Tan;
Sporobolus airoides;Height: 4 ft;Spread: 2 ft;Spacing: 3 ft;USDA Hardiness Zone: 4-9;Bloom Color: Purple, Yellow;
Sporobolus heterolepis;Height: 1-2 ft;Spread: 2-3 ft;;USDA Hardiness Zone: 3-8;Bloom Color: Green, Tan;
Stachys officinalis;Height: 18-24 in;Spread: 12-18 in;Spacing: 18-24 in;USDA Hardiness Zone: 4 - 8;Bloom Color: Red Violet;
Stachys officinalis 'Hummello';Height: 18-24 in;Spread: 18-24 in;Spacing: 12-18 in;USDA Hardiness Zone: 4 - 8;Bloom Color: Red Violet;
Stachys x 'Summer Crush';Height: 24-30 in;Spread: 1-2 ft;Spacing: 12-18 in;USDA Hardiness Zone: 4-9;Bloom Color: Pink, White;
Teucrium chamaedrys;Height: 9-12 in;Spread: 12-24 in;Spacing: 12 in;USDA Hardiness Zone: 5 - 9;Bloom Color: Lavender-Pink;
Thalictrum rochebrunianim;Height: 4-6 ft;Spread: 2 ft;Spacing: 2-3 ft;USDA Hardiness Zone: 4-7;Bloom Color: Purple;
Thermopsis villosa;Height: 5 ft;Spread: 2-3 ft;;USDA Hardiness Zone: 4-9;Bloom Color: Yellow;
Tiarella 'New Moon Motley';Height: 8-12 in;Spread: 12-24 in;Spacing: 12-18 in;USDA Hardiness Zone: 4-8;Bloom Color: White;
Tiarella cordifolia;Height: 6-12 Inches;Spread: 1-2 ft;Spacing: 24-36 in;USDA Hardiness Zone: 4-9;Bloom Color: White;
Tiarella cordifolia wherryi;Height: 10 Inches;Spread: 10 in;Spacing: 20-24 in;USDA Hardiness Zone: 5-7;Bloom Color: White;
Tradescantia ohiensis;Height: 2-4 ft;Spread: 2-3 ft;;USDA Hardiness Zone: 5-8;Bloom Color: Light Blue;
Tradescantia ohiensis 'Mrs. Loewer';Height: 2-3 ft;Spread: 1-2 ft;Spacing: 18-24 in;USDA Hardiness Zone: 3-8;Bloom Color: Light Blue;
Tradescantia virginiana;Height: 2-3 ft;Spread: 1-2 ft;Spacing: 18-24 in;USDA Hardiness Zone: 4-9;Bloom Color: Lavender;
Verbena bonariensis;Height: 2-4 ft;Spread: 18-36 in;Spacing: 1 ft;USDA Hardiness Zone: 7 - 11;Bloom Color: Purple;
Verbena hastata;Height: 2-6 ft;Spread: 1-2 ft;Spacing: 18-24 in;USDA Hardiness Zone: 3-9;Bloom Color: Purple;
Vernonia glauca;Height: 3-5 ft;Spread: 2-4 ft;Spacing: 3 ft;USDA Hardiness Zone: 6-8;Bloom Color: Purple;
Vernonia lettermannii 'Iron Butterfly';Height: 2-3 ft;Spread: 2-3 ft;Spacing: 2-4 ft;USDA Hardiness Zone: 4-9;Bloom Color: Purple;
Vernonia noveborecensis;Height: 4-8 ft;Spread: 2-4 ft;Spacing: 2-4 ft;USDA Hardiness Zone: 5-9;Bloom Color: Purple;
Veronicastrum virginicum;Height: 4-8 ft;Spread: 2-3 ft;Spacing: 2-3 ft;USDA Hardiness Zone: 3-8;Bloom Color: White;
Viola sororia;Height: 4-6 in;Spread: 6 in;Spacing: 6-8 in;USDA Hardiness Zone: 3-7;Bloom Color: Blue, White;
Viola striata;Height: 8-12 in;Spread: 8-12 in;Spacing: 12-18 in;USDA Hardiness Zone: 4 - 7;Bloom Color: Cream, Purple;
Waldsteinia fragarioides;Height: 3-6 in;Spread: 12 in;Spacing: 18-24 in;USDA Hardiness Zone: 4-7;Bloom Color: Yellow;
Zizia aptera;Height: 1-3 Feet;Spread: 1-2 ft;Spacing: 18-24 in;USDA Hardiness Zone: 3-8;Bloom Color: Yellow;
Zizia aureus;Height: 1-3 ft;Spread: 1-2 ft;Spacing: 18-24 in;USDA Hardiness Zone: 3-9;Bloom Color: Yellow;